{
    "roc_auc": 0.7279958965325898,
    "pr_auc": 0.4057968856108848,
    "f1_score": 0.41549713382091324,
    "confusion_matrix": [
        [
            7946,
            1964
        ],
        [
            993,
            1051
        ]
    ],
    "brier_score": 0.16788794212989588
}